Field,Value
,,,
Invoice,1001
Date,09/16/2025
Due Date,10/16/2025
,,
From,Upper Cloud Technology
,,[Your Address]
,,[Your City, State, ZIP]
,,[Your Email]
,,[Your Phone]
,,
Bill To,J & T Accounting Services, LLC
,,[Client Address]
,,[Client City, State, ZIP]
,,[Client Email]
,,
Description,Quantity,Unit Price,Total
Custom Website Build,1,$1,000.00,$1,000.00
Hosting and Maintenance (Annual),1,$200.00,$200.00
,,,
Subtotal,,$1,200.00
Tax (0%),,$0.00
Total,,$1,200.00
,,
Payment Instructions,Please remit payment to Upper Cloud Technology via:
,,[Bank Transfer/Check/Payment Portal Details]
,,Due by 10/16/2025
,,
Notes,Thank you for your business! Contact us with any questions.
